cohort_month,0,1,2
2024-01,1.0,0.46808510638297873,0.0038684719535783366
2024-02,1.0,0.5386266094420601,
2024-03,1.0,,
